area,state
Blue Mountains & Surrounds,NSW
Canterbury/Bankstown,NSW
Eastern Suburbs,NSW
Hawkesbury,NSW
Hills,NSW
Inner West,NSW
Liverpool / Fairfield,NSW
MacArthur/Camden,NSW
North Shore - Lower,NSW
North Shore - Upper,NSW
Northern Beaches,NSW
Northern Suburbs,NSW
Parramatta,NSW
St George,NSW
Sutherland,NSW
Sydney City,NSW
Western Sydney,NSW
Central Coast & Region,NSW
Hunter Valley - Lower,NSW
Hunter Valley - Upper,NSW
Lake Macquarie East,NSW
Lake Macquarie West,NSW
Mid North Coast,NSW
Northern Rivers,NSW
Port Stephens,NSW
Eurobodalla Coast,NSW
Far South Coast,NSW
Shoalhaven,NSW
Southern Highlands,NSW
Wollongong & Illawarra,NSW
Capital Monaro & Snowy,NSW
Central West,NSW
Dubbo & Orana,NSW
Far West,NSW
Murray Region,NSW
New England - North West,NSW
Riverina,NSW
Southern Tablelands,NSW
Alice Springs,NT
Darwin Area,NT
Bayside,QLD
City & North,QLD
Inner South,QLD
Logan,QLD
Redcliffe / Bribie / Caboolture,QLD
Redlands City,QLD
Southside,QLD
Central,QLD
Mount Isa & North West,QLD
South,QLD
Bundaberg & Wide Bay,QLD
Cairns & District,QLD
Far North Queensland,QLD
Gladstone Rockhampton & Capricornia,QLD
Mackay & Whitsundays,QLD
Townsville & District,QLD
Gold Coast,QLD
Ipswich & West Moreton,QLD
Sunshine Coast,QLD
Toowoomba & District,QLD
Adelaide,SA
Adelaide Hills,SA
Eastern Suburbs,SA
North & North East Suburbs,SA
South & South East Suburbs,SA
Western & Beachside Suburbs,SA
Far North,SA
Barossa Valley,SA
Clare Valley,SA
Mid North,SA
Riverland,SA
Fleurieu Peninsula,SA
Kangaroo Island,SA
Murraylands,SA
South East,SA
Eyre Peninsula,SA
West Coast,SA
Yorke Peninsula,SA
Burnie Devonport & NW Tas,TAS
East Coast,TAS
Hobart & Southern,TAS
Launceston & Northern,TAS
North East Tasmania,TAS
West Coast,TAS
Bayside,VIC
East,VIC
Geelong & District,VIC
Inner City,VIC
Mornington Peninsula,VIC
North,VIC
North East,VIC
North West,VIC
Phillip Island & District,VIC
South East,VIC
West,VIC
Yarra-dandenong Ranges,VIC
Greater Bendigo Region,VIC
Macedon Ranges,VIC
North Eastern,VIC
North Western,VIC
Shepparton & Central North,VIC
Ballarat & Western District,VIC
Gippsland,VIC
Grampians,VIC
Great Ocean Rd / Otway Ranges,VIC
Lakes & Wilderness,VIC
Warrnambool & Port Fairy,VIC
East,WA
North,WA
Northern Suburbs,WA
Southern Suburbs,WA
Eastern Suburbs,WA
Western Suburbs,WA
Northern Suburbs,WA
Perth City,WA
Perth Hills,WA
South,WA
South,WA
Busselton-Dunsborough & Surrounds,WA
Margaret River & Surrounds,WA
Bunbury & surrounds,WA
Mandurah & surrounds,WA
Belconnen,ACT
Gungahlin,ACT
Inner North,ACT
Inner South,ACT
Tuggeranong,ACT
Weston Creek,ACT
Woden Valley,ACT
